,Accuracy,F1 Score,ROC AUC
Logistic Regression,0.8688524590163934,0.8709677419354839,0.9466594827586208
Decision Tree,0.7049180327868853,0.7352941176470589,0.7009698275862069
Random Forest,0.7868852459016393,0.7868852459016393,0.8879310344827588
SVM,0.8688524590163934,0.8709677419354839,0.931573275862069
